{"cameraMode":{"drawMode":0,"name":"Shaded","section":"Shading Mode"},"sceneLighting":false,"audioPlay":false,"sceneViewState":{"showFog":true,"showMaterialUpdate":true,"showSkybox":false,"showFlares":true,"showImageEffects":true,"showParticleSystems":true},"in2DMode":false,"pivot":{"x":0.015737269073724748,"y":-0.03560453653335571,"z":0.018794603645801545},"rotation":{"x":0.24369840323925019,"y":0.3117484748363495,"z":-0.08306439220905304,"w":0.9146209359169006},"size":0.06191748380661011,"orthographic":false}