{"cameraMode":{"drawMode":0,"name":"Shaded","section":"Shading Mode"},"sceneLighting":true,"audioPlay":false,"sceneViewState":{"showFog":true,"showMaterialUpdate":true,"showSkybox":true,"showFlares":true,"showImageEffects":true,"showParticleSystems":true},"in2DMode":false,"pivot":{"x":-369.0965576171875,"y":336.59613037109377,"z":256.6330871582031},"rotation":{"x":-0.22559836506843568,"y":0.6605679988861084,"z":0.21854056417942048,"w":0.6819135546684265},"size":111.16653442382813,"orthographic":false}