{"cameraMode":{"drawMode":0,"name":"Shaded","section":"Shading Mode"},"sceneLighting":false,"audioPlay":false,"sceneViewState":{"showFog":true,"showMaterialUpdate":true,"showSkybox":false,"showFlares":true,"showImageEffects":true,"showParticleSystems":true},"in2DMode":false,"pivot":{"x":50.951847076416019,"y":14.050000190734864,"z":-45.73197937011719},"rotation":{"x":0.002954348921775818,"y":-0.9481208324432373,"z":0.31777676939964297,"w":0.008813994936645031},"size":0.8660253882408142,"orthographic":false}